,0
0,E-GEOD-30169 data.csv
1,E-GEOD-5883 data.csv
2,E-GEOD-3920 data.csv
3,E-GEOD-5556 data.csv
4,E-GEOD-69996 data.csv
5,E-GEOD-2299_A data.csv
6,E-GEOD-85468 data.csv
7,E-GEOD-3601 data.csv
8,E-GEOD-3998 data.csv
9,E-GEOD-20978 data.csv
10,E-GEOD-3364 data.csv
11,E-GEOD-1377 data.csv
12,E-GEOD-80067 data.csv
13,E-GEOD-44167 data.csv
14,E-GEOD-72180 data.csv
15,E-GEOD-43349 data.csv
16,E-GEOD-28656 data.csv
17,E-MTAB-5686 data.csv
18,E-GEOD-43742 data.csv
19,E-GEOD-69067 data.csv
20,E-GEOD-51253 data.csv
21,E-GEOD-50112 data.csv
22,E-MTAB-3277 data.csv
23,E-MTAB-2519 data.csv
24,E-GEOD-48006 data.csv
25,E-GEOD-46825 data.csv
26,E-GEOD-44926 data.csv
27,E-GEOD-45750 data.csv
28,E-GEOD-76739 data.csv
29,GSE-77199 data.csv
30,E-GEOD-46471 data.csv
31,E-GEOD-56976 data.csv
32,E-MTAB-4860 data.csv
33,E-GEOD-57825 data.csv
34,E-GEOD-37091 data.csv
35,E-GEOD-41110 data.csv
36,E-GEOD-30780 data.csv
37,E-GEOD-18035 data.csv
38,E-GEOD-20739 data.csv
39,E-GEOD-19335 data.csv
40,E-GEOD-46328 data.csv
41,E-GEOD-44693 data.csv
42,E-GEOD-43016 data.csv
43,E-GEOD-26295 data.csv
44,E-GEOD-23289 data.csv
45,E-GEOD-15934 data.csv
46,E-GEOD-18014 data.csv
47,E-GEOD-39397 data.csv
48,E-MTAB-6521 data.csv
49,E-GEOD-53201 data.csv
50,E-GEOD-46262 data.csv
51,E-GEOD-83297 data.csv
52,E-GEOD-54095 data.csv
53,E-GEOD-34389 data.csv
54,E-GEOD-44368 data.csv
55,E-GEOD-46248 data.csv
56,E-GEOD-46279 data.csv
57,E-GEOD-23909 data.csv
58,E-GEOD-60937 data.csv
59,E-MEXP-2891 data.csv
60,E-GEOD-60152 data.csv
61,E-GEOD-34381 data.csv
62,E-GEOD-60999 data.csv
63,E-GEOD-34379 data.csv
64,E-GEOD-44856 data.csv
65,E-GEOD-44444 data.csv
66,E-GEOD-42808 data.csv
67,E-GEOD-27136 data.csv
68,E-GEOD-12011 data.csv
69,E-MTAB-5592 data.csv
70,E-MTAB-5054 data.csv
71,E-MTAB-7774 data.csv
72,E-GEOD-75793 data.csv
73,E-MTAB-4025 data.csv
74,E-GEOD-84551_HU data.csv
75,E-GEOD-51401 data.csv
76,E-GEOD-23203 data.csv
77,E-MTAB-2495 data.csv
78,E-MTAB-1173 data.csv
79,E-GEOD-43475 data.csv
80,E-GEOD-20986 data.csv
81,E-GEOD-16357 data.csv
82,E-SGRP-3 data.csv
83,E-GEOD-49958 data.csv
84,E-GEOD-17814 data.csv
85,E-GEOD-13637 data.csv
86,E-GEOD-25014 data.csv
87,E-GEOD-32984 data.csv
88,E-MEXP-3991 data.csv
89,E-GEOD-18913 data.csv
90,E-GEOD-32547 data.csv
91,E-GEOD-29881 data.csv
92,E-GEOD-22325 data.csv
93,E-GEOD-28117 data.csv
94,E-GEOD-20504 data.csv
95,E-GEOD-45225 data.csv
96,E-GEOD-77239 data.csv
97,E-GEOD-38961 data.csv
98,E-GEOD-16962 data.csv
99,E-GEOD-24093 data.csv
100,E-GEOD-13712 data.csv
101,E-GEOD-67309 data.csv
102,E-GEOD-34628 data.csv
103,E-GEOD-34059 data.csv
104,E-GEOD-16573 data.csv
105,E-GEOD-10479 data.csv
106,E-GEOD-33115 data.csv
107,E-GEOD-48841_HU data.csv
108,E-GEOD-21547 data.csv
109,E-GEOD-50378 data.csv
110,E-GEOD-9677 data.csv
111,E-GEOD-33301 data.csv
112,E-GEOD-44597 data.csv
113,E-GEOD-76484 data.csv
114,E-MEXP-2283 data.csv
115,E-GEOD-19240 data.csv
116,E-GEOD-6241 data.csv
117,E-GEOD-40613 data.csv
118,E-GEOD-27631 data.csv
119,E-GEOD-20745 data.csv
120,E-GEOD-15464 data.csv
121,E-GEOD-9055 data.csv
122,E-GEOD-12131 data.csv
123,E-GEOD-15499 data.csv
124,E-GEOD-22522 data.csv
125,E-GEOD-25145 data.csv
126,E-GEOD-44596 data.csv
127,E-GEOD-25269 data.csv
128,E-GEOD-16683 data.csv
129,E-GEOD-5579 data.csv
130,E-GEOD-16355 data.csv
131,E-GEOD-16547 data.csv
132,E-GEOD-32693 data.csv
133,E-GEOD-51246 data.csv
134,E-GEOD-42216 data.csv
135,E-GEOD-12846 data.csv
136,E-GEOD-48786 data.csv
137,E-GEOD-7846 data.csv
138,E-MEXP-2572 data.csv
139,E-GEOD-18946 data.csv
140,E-GEOD-4567 data.csv
141,E-GEOD-6489 data.csv
142,E-GEOD-28326 data.csv
143,E-GEOD-34512 data.csv
144,E-GEOD-21212_A data.csv
145,E-MEXP-2771 data.csv
146,E-GEOD-59226 data.csv
147,E-GEOD-17777 data.csv
148,E-GEOD-16356 data.csv
149,E-GEOD-8166_P2 data.csv
150,E-GEOD-56285 data.csv
151,E-MEXP-382 data.csv
152,E-GEOD-10804 data.csv
153,E-MEXP-66 data.csv
154,E-GEOD-9877 data.csv
155,E-GEOD-7355 data.csv
156,E-GEOD-22688 data.csv
157,E-MEXP-2452 data.csv
158,E-MEXP-1227 data.csv
159,E-GEOD-14230 data.csv
160,E-GEOD-2638 data.csv
161,E-GEOD-35000 data.csv
162,E-GEOD-29238 data.csv
163,E-GEOD-29850 data.csv
164,E-GEOD-12792 data.csv
165,E-GEOD-12155 data.csv
166,E-GEOD-9861 data.csv
167,E-GEOD-2450 data.csv
